.,Unnamed: 1,  代码,Unnamed: 3,    名称,Unnamed: 5,..1,Unnamed: 7,涨幅,Unnamed: 9,现价,Unnamed: 11,涨跌,Unnamed: 13,买价,Unnamed: 15,卖价,Unnamed: 17,总手,Unnamed: 19,总金额,Unnamed: 21,现手,Unnamed: 23,1分钟涨速,Unnamed: 25,实体涨幅,Unnamed: 27,现均差%,Unnamed: 29,换手,Unnamed: 31,委比%,Unnamed: 33,自选时间,Unnamed: 35,自选价格,Unnamed: 37,自选收益,Unnamed: 39,总市值,Unnamed: 41,流通市值,Unnamed: 43,流通比例%,Unnamed: 45,4分钟涨速,Unnamed: 47,内盘,Unnamed: 49,外盘,Unnamed: 51,内外比,Unnamed: 53,备注,Unnamed: 55,利好,Unnamed: 57,利空,Unnamed: 59,主力净量,Unnamed: 61,量比,Unnamed: 63,TTM市盈率,Unnamed: 65,净利润,Unnamed: 67,市净率,Unnamed: 69,每股盈利,Unnamed: 71,细分行业,Unnamed: 73,所属行业,Unnamed: 75,昨收,Unnamed: 77,开盘,Unnamed: 79,开盘涨幅,Unnamed: 81,竞价换手,Unnamed: 83,最高,Unnamed: 85,最低,Unnamed: 87,5日涨幅,Unnamed: 89,10日涨幅,Unnamed: 91,20日涨幅,Unnamed: 93,年初至今,Unnamed: 95,振幅,Unnamed: 97,买量,Unnamed: 99,卖量,Unnamed: 101,笔数,Unnamed: 103,贡献度,Unnamed: 105,机构动向,Unnamed: 107,异动类型,Unnamed: 109,竞价评级,Unnamed: 111,总股本,Unnamed: 113,流通股本,Unnamed: 115,利润总额,Unnamed: 117,净利润增长率,Unnamed: 119,每股净资产,Unnamed: 121,金叉个数,Unnamed: 123,散户数量,Unnamed: 125,上市日期,Unnamed: 127,Unnamed: 128
4,,SH600000,浦发银行,--,,-0.10%,,10.17,,-0.01,,10.16,,10.17,,25192957,255707910,1000↑,,-0.20%,,-0.10%,,+0.20,,0.08%,,+7.39,,--,,--,,--,,338720372460,338720375511,100.00%,,+0.00%,,14167552,11025405,1.28,,--,,无,,无,,0.00,,0.57,,6.93,,50017000000,0.460,,1.52,,股份制银行,银行,,10.18,,10.18,,+0.00%,,0.00%,,10.18,,10.11,,--,,--,,--,,--,,0.69%,,475800,,328300,,20839,,--,,--,,--,,--,,33305838000,33305838300,53374000000亿,--,,22.13,,0,,--,,19991110,,,,,,,,,,,,,,,
4,,SH600004,白云机场,--,,+0.11%,,9.53,,+0.01,,9.52,,9.53,,6668916,,63502335,500↑,,+0.00%,,+0.00%,,+0.08,,0.28%,,+9.28,,--,,--,,--,,24561141038,22554825237,91.83%,,+0.11%,,3465074,,3203842,,1.08,,--,,无,,无,,0.00,,0.46,,18.14,,1421789000,1.19,,0.425,,机场,,机场航运,9.52,,9.53,,+0.11%,,0.00%,,9.54,,9.50,,--,,--,,--,,--,,0.42%,,84400,,396700,,7644,,--,,--,,--,,--,,2577244600,2366718283,1429450000亿,--,,8.01,,0,,--,,20030428,,,,,,,,,,,,
4,,SH600006,东风股份,--,,+0.00%,,6.92,,+0.00,,6.92,,6.93,,6585637,,45644375,6000↓,,+0.00%,,-0.14%,,-0.16,,0.33%,,-46.38,,--,,--,,--,,13840000000,13840000000,100.00%,,-0.14%,,3358950,,3226687,,1.04,,--,,无,,无,,0.00,,0.86,,56.41,,-435000000,1.65,,0.051,,商用载货车,汽车整车,6.92,,6.93,,+0.14%,,0.01%,,6.95,,6.92,,--,,--,,--,,--,,0.43%,,217700,,206000,,3662,,--,,--,,--,,--,,2000000000,2000000000,120131844亿,--,,4.18,,0,,--,,19990727,,,,,,,,,,,,,
4,,SH600007,中国国贸,--,,-0.58%,,20.66,,-0.12,,20.66,,20.67,,966100,,19983342,100↓,,+0.00%,,-0.67%,,-0.12,,0.10%,,+7.34,,--,,--,,--,,20810457070,20810457152,100.00%,,-0.05%,,460600,,505500,,0.911,,--,,无,,无,,0.00,,0.61,,17.57,,940326770,2.19,,0.930,,商业地产,房地产,,20.78,,20.80,,+0.10%,,0.00%,,20.81,,20.58,,--,,--,,--,,--,,1.11%,,2300,,2800,,4130,,--,,--,,--,,--,,1007282530,1007282534,1254876780亿,--,,9.42,,0,,--,,19990312,,,,,,,,,,,,
4,,SH600008,首创环保,--,,+0.33%,,3.08,,+0.01,,3.07,,3.08,,39093690,120327753,900↑,,+0.00%,,+0.33%,,+0.07,,0.53%,,+0.91,,--,,--,,--,,22609019356,22609019285,100.00%,,+0.00%,,14338062,24755628,0.579,,--,,无,,无,,0.00,,0.80,,13.25,,1434099300,1.08,,0.195,,综合环境治理,环境治理,3.07,,3.07,,+0.00%,,0.00%,,3.09,,3.06,,--,,--,,--,,--,,0.98%,,13594050,23200,,10843,,--,,--,,--,,--,,7340590700,7340590677,2426919900亿,--,,2.85,,0,,--,,20000427,,,,,,,,,,,,,,,,,
4,,SH600009,上海机场,--,,-0.22%,,31.23,,-0.07,,31.22,,31.23,,4722819,,147386880,3200↑,,-0.06%,,-0.35%,,+0.07,,0.23%,,-0.94,,--,,--,,--,,77710014990,63905309253,82.24%,,+0.00%,,2483150,,2239669,,1.11,,--,,无,,无,,0.00,,0.44,,32.84,,1634014000,1.85,,0.657,,机场,,机场航运,31.30,,31.34,,+0.13%,,0.00%,,31.35,,31.12,,--,,--,,--,,--,,0.73%,,5700,,72000,,10419,,--,,--,,--,,--,,2488313000,2046279515,2312078300亿,--,,16.90,,0,,--,,19980218,,,,,,,,,,,,
4,,SH600010,包钢股份,--,,+1.92%,,2.66,,+0.05,,2.65,,2.66,,1108530900,2943357600,113000↑,+0.00%,,+2.70%,,+0.18,,3.53%,,-46.51,,--,,--,,--,,120467726540,83472923443,69.29%,,+0.00%,,509759770,598771130,0.851,,--,,无,,无,,0.00,,1.73,,118.8,,232577630,2.31,,0.005,,普钢,,钢铁,,2.61,,2.59,,-0.77%,,0.02%,,2.71,,2.58,,--,,--,,--,,--,,4.98%,,8306820,,17114095,166014,,--,,--,,--,,--,,45288619000,31380798287,309247130亿,--,,1.15,,0,,--,,20010309,,,,,,,,,,,,,,,,
4,,SH600011,华能国际,--,,+0.14%,,6.95,,+0.01,,6.94,,6.95,,26727600,185712000,100↑,,+0.14%,,+0.14%,,+0.02,,0.24%,,-1.81,,--,,--,,--,,109101746350,76434083937,70.06%,,+0.14%,,14337150,12390450,1.16,,--,,无,,无,,0.00,,0.86,,7.49,,14840905000,1.63,,0.810,,火电,,电力,,6.94,,6.94,,+0.00%,,0.00%,,6.98,,6.91,,--,,--,,--,,--,,1.01%,,1531700,,498400,,18738,,--,,--,,--,,--,,15698093000,10997709919,23159498000亿,--,,4.26,,0,,--,,20011206,,,,,,,,,,,,,,
4,,SH600012,皖通高速,--,,-0.14%,,14.39,,-0.02,,14.39,,14.41,,2685000,,38772325,500↓,,-0.07%,,-0.14%,,-0.35,,0.23%,,+77.83,,--,,--,,--,,24586637441,16772984000,68.22%,,+0.07%,,1265200,,1419800,,0.891,,--,,无,,无,,0.00,,0.95,,14.09,,1477227500,1.98,,0.880,,高速公路,公路铁路运输,14.41,,14.41,,+0.00%,,0.00%,,14.52,,14.36,,--,,--,,--,,--,,1.11%,,13700,,2300,,7943,,--,,--,,--,,--,,1708591900,1165600000,1994737700亿,--,,7.28,,0,,--,,20030107,,,,,,,,,,,,,
4,,SH600015,华夏银行,--,,+0.30%,,6.67,,+0.02,,6.67,,6.68,,26353207,175357880,7200↓,,+0.15%,,+0.45%,,+0.24,,0.17%,,-32.06,,--,,--,,--,,106152569760,102632783967,96.68%,,+0.00%,,11702136,14651071,0.799,,--,,无,,无,,0.00,,0.74,,3.91,,17982000000,0.344,,1.04,,股份制银行,银行,,6.65,,6.64,,-0.15%,,0.00%,,6.68,,6.62,,--,,--,,--,,--,,0.90%,,381700,,1611300,,14088,,--,,--,,--,,--,,15914928000,15387223983,24322000000亿,--,,19.39,,0,,--,,20030912,,,,,,,,,,,,,,,
4,,SH600016,民生银行,--,,+1.01%,,4.01,,+0.04,,4.00,,4.01,,240936090,958804450,122300↑,+0.25%,,+1.01%,,+0.77,,0.68%,,-27.09,,--,,--,,--,,175567500190,142203114084,81.00%,,+0.25%,,99739080,141197010,0.706,,--,,无,,无,,0.00,,0.88,,5.78,,28542000000,0.313,,0.590,,股份制银行,银行,,3.97,,3.97,,+0.00%,,0.00%,,4.01,,3.95,,--,,--,,--,,--,,1.51%,,2719900,,18634700,62220,,--,,--,,--,,--,,43782419000,35462123213,29762000000亿,--,,12.83,,0,,--,,20001219,,,,,,,,,,,,,,,,,
4,,SH600017,日照港,,--,,+0.64%,,3.14,,+0.02,,3.13,,3.14,,17564800,54910948,100↑,,-0.32%,,+0.64%,,+0.44,,0.57%,,+13.78,,--,,--,,--,,9657553246,9657553208,100.00%,,+0.00%,,5155250,,12409550,0.415,,--,,无,,无,,0.00,,0.67,,17.74,,524854670,0.687,,0.170,,港口,,港口航运,3.12,,3.12,,+0.00%,,0.00%,,3.14,,3.10,,--,,--,,--,,--,,1.28%,,2534600,,2266050,,7466,,--,,--,,--,,--,,3075653900,3075653888,761080000亿,--,,4.57,,0,,--,,20061017,,,,,,,,,,,,,
4,,SH600018,上港集团,--,,+0.39%,,5.09,,+0.02,,5.09,,5.10,,27915650,141875320,1100↓,,+0.20%,,+0.39%,,+0.15,,0.12%,,-16.36,,--,,--,,--,,118495001490,118325796402,99.86%,,-0.20%,,11582894,16332756,0.709,,--,,无,,无,,0.00,,0.75,,8.22,,13400000000,0.841,,0.580,,港口,,港口航运,5.07,,5.07,,+0.00%,,0.00%,,5.10,,5.05,,--,,--,,--,,--,,0.99%,,2363000,,4656559,,12568,,--,,--,,--,,--,,23279961000,23246718350,18070000000亿,--,,6.05,,0,,--,,20000719,,,,,,,,,,,,,,,
4,,SH600019,宝钢股份,--,,+1.56%,,7.17,,+0.11,,7.17,,7.18,,76044522,541375560,100↓,,+0.14%,,+1.56%,,+0.72,,0.35%,,-60.82,,--,,--,,--,,156177549450,156177549450,100.00%,,-0.14%,,26137654,49906868,0.524,,--,,无,,无,,0.00,,1.07,,16.55,,7959428800,0.765,,0.370,,普钢,,钢铁,,7.06,,7.06,,+0.00%,,0.00%,,7.19,,7.03,,--,,--,,--,,--,,2.27%,,327900,,2655000,,41699,,--,,--,,--,,--,,21782085000,21782085000,10642714600亿,--,,9.38,,0,,--,,20001212,,,,,,,,,,,,,,
4,,SH600020,中原高速,--,,-0.24%,,4.13,,-0.01,,4.13,,4.14,,8718200,,36068225,100↓,,-0.24%,,-0.24%,,-0.17,,0.39%,,+18.80,,--,,--,,--,,9281645534,9281645534,100.00%,,-0.24%,,4115350,,4602850,,0.894,,--,,无,,无,,0.00,,0.87,,9.11,,612000000,0.781,,0.390,,高速公路,公路铁路运输,4.14,,4.14,,+0.00%,,0.01%,,4.18,,4.12,,--,,--,,--,,--,,1.45%,,492000,,724600,,6522,,--,,--,,--,,--,,2247371800,2247371800,1252754610亿,--,,5.29,,0,,--,,20030808,,,,,,,,,,,,,
4,,SH600021,上海电力,--,,+0.05%,,20.38,,+0.01,,20.37,,20.38,,18572542,379595820,500↑,,-0.05%,,+0.05%,,-0.29,,0.66%,,+72.11,,--,,--,,--,,57496767262,57496767262,100.00%,,+0.05%,,8994256,,9578286,,0.939,,--,,无,,无,,0.00,,0.71,,21.80,,2749500000,2.72,,1.08,,火电,,电力,,20.37,,20.37,,+0.00%,,0.00%,,20.54,,20.31,,--,,--,,--,,--,,1.13%,,70100,,24700,,23387,,--,,--,,--,,--,,2821234900,2821234900,6276628300亿,--,,7.49,,0,,--,,20031029,,,,,,,,,,,,
4,,SH600022,山东钢铁,--,,+1.85%,,1.65,,+0.03,,1.64,,1.65,,96542716,157378630,39100↑,,-0.61%,,+1.85%,,+1.23,,0.90%,,+2.09,,--,,--,,--,,17653101840,17653101764,100.00%,,+0.61%,,37944322,58598394,0.648,,--,,无,,无,,0.00,,1.08,,,,100000000,0.935,,0.013,,普钢,,钢铁,,1.62,,1.62,,+0.00%,,0.00%,,1.65,,1.61,,--,,--,,--,,--,,2.47%,,5073280,,18984685,14606,,--,,--,,--,,--,,10698849600,10698849554,632496750亿,--,,1.76,,0,,--,,20040629,,,,,,,,,,,,,,,
4,,SH600023,浙能电力,--,,+0.40%,,4.99,,+0.02,,4.98,,4.99,,24140330,120233086,100↑,,+0.00%,,+0.20%,,+0.19,,0.18%,,-8.73,,--,,--,,--,,66909576173,66909576173,100.00%,,+0.00%,,10929228,13211102,0.827,,--,,无,,无,,0.00,,0.79,,9.18,,6229637500,0.891,,0.460,,火电,,电力,,4.97,,4.98,,+0.20%,,0.00%,,4.99,,4.97,,--,,--,,--,,--,,0.40%,,1985000,,8680881,,11385,,--,,--,,--,,--,,13408732700,13408732700,8002725500亿,--,,5.60,,0,,--,,20131219,,,,,,,,,,,,,,
4,,SH600025,华能水电,--,,+0.00%,,9.16,,+0.00,,9.15,,9.16,,7142523,,65336231,1100↑,,+0.00%,,+0.00%,,+0.14,,0.04%,,-17.97,,--,,--,,--,,170660821040,164880000000,96.61%,,+0.11%,,3961254,,3181269,,1.25,,--,,无,,无,,0.00,,0.61,,19.82,,7539399800,2.48,,0.400,,水电,,电力,,9.16,,9.16,,+0.00%,,0.00%,,9.17,,9.13,,--,,--,,--,,--,,0.44%,,281900,,583400,,10106,,--,,--,,--,,--,,18631094000,18000000000,9392282800亿,--,,3.69,,0,,--,,20171215,,,,,,,,,,,
4,,SH600026,中远海能,--,,-0.58%,,17.04,,-0.10,,17.04,,17.05,,23780224,405251110,1400↓,,-0.12%,,-0.53%,,-0.01,,0.68%,,+28.28,,--,,--,,--,,93127362432,59210189856,63.58%,,-0.18%,,13756252,10023972,1.37,,--,,无,,无,,0.00,,0.66,,28.20,,2722895600,2.05,,0.571,,航运,,港口航运,17.14,,17.13,,-0.06%,,0.00%,,17.30,,16.86,,--,,--,,--,,--,,2.57%,,36800,,3100,,36064,,--,,--,,--,,--,,5465220800,3474776400,3485692500亿,--,,8.31,,0,,--,,20020523,,,,,,,,,,,,,,,
4,,SH600027,华电国际,--,,+0.00%,,4.88,,+0.00,,4.88,,4.89,,25410100,124188970,2100↓,,+0.00%,,+0.00%,,-0.15,,0.30%,,+1.79,,--,,--,,--,,56665458096,41530398200,73.29%,,+0.00%,,11907100,13503000,0.882,,--,,无,,无,,0.00,,0.78,,8.61,,6437191000,1.16,,0.540,,火电,,电力,,4.88,,4.88,,+0.00%,,0.00%,,4.90,,4.87,,--,,--,,--,,--,,0.61%,,5740300,,2190799,,11925,,--,,--,,--,,--,,11611774200,8510327500,10104381000亿,--,,4.19,,0,,--,,20050203,,,,,,,,,,,,,,
4,,SH600028,中国石化,--,,+0.77%,,6.51,,+0.05,,6.50,,6.51,,105073877,680983630,8900↑,,+0.00%,,+0.62%,,+0.45,,0.11%,,-48.98,,--,,--,,--,,787225096140,616838612250,78.36%,,-0.15%,,48906862,56167015,0.871,,--,,无,,无,,0.00,,0.82,,21.84,,29984000000,0.949,,0.248,,石油加工,石油加工贸易,6.46,,6.47,,+0.15%,,0.00%,,6.53,,6.40,,--,,--,,--,,--,,2.01%,,442400,,439000,,50098,,--,,--,,--,,--,,120925514000,94752475000,41044000000亿,--,,6.86,,0,,--,,20010808,,,,,,,,,,,,,,,,
4,,SH600029,南方航空,--,,-1.72%,,7.98,,-0.14,,7.98,,7.99,,60016850,482671850,8900↓,,-0.13%,,-1.72%,,-0.77,,0.44%,,+10.02,,--,,--,,--,,144604965540,107545861500,74.37%,,+0.25%,,33024290,26992560,1.22,,--,,无,,无,,0.00,,0.92,,,,900000000,3.90,,0.127,,航空运输,机场航运,8.12,,8.12,,+0.00%,,0.00%,,8.16,,7.92,,--,,--,,--,,--,,2.96%,,110300,,132800,,45808,,--,,--,,--,,--,,18120923000,13476925000,6093000000亿,--,,2.04,,0,,--,,20030725,,,,,,,,,,,,,,,,
4,,SH600030,中信证券,--,,+0.00%,,28.09,,+0.00,,28.08,,28.09,,56224934,1575739200,200↑,,+0.00%,,-0.07%,,+0.23,,0.46%,,-70.88,,--,,--,,--,,416309165230,342039317590,82.16%,,+0.04%,,28460371,27764563,1.03,,--,,无,,无,,0.00,,0.80,,14.83,,30051000000,1.48,,1.96,,证券,,证券,,28.09,,28.11,,+0.07%,,0.00%,,28.12,,27.95,,--,,--,,--,,--,,0.61%,,61620,,41450,,54429,,--,,--,,--,,--,,14820547000,12176551000,39788000000亿,--,,19.00,,0,,--,,20030106,,,,,,,,,,,,,,
4,,SH600031,三一重工,--,,+0.84%,,23.98,,+0.20,,23.98,,23.99,,52536213,1259368210,4200↓,,-0.04%,,+0.59%,,+0.04,,0.62%,,-27.98,,--,,--,,--,,220496205512,203215872200,92.16%,,+0.04%,,20652136,31884077,0.648,,--,,无,,无,,0.00,,1.24,,26.75,,7135595000,2.53,,0.776,,工程机械,工程机械,23.78,,23.84,,+0.25%,,0.00%,,24.26,,23.70,,--,,--,,--,,--,,2.35%,,15300,,61900,,62840,,--,,--,,--,,--,,9195004400,8474390000,8399104000亿,--,,9.49,,0,,--,,20030703,,,,,,,,,,,,,,,,
4,,SH600032,浙江新能,--,,+0.51%,,7.90,,+0.04,,7.89,,7.90,,4219592,,33434524,4000↑,,-0.13%,,-0.25%,,-0.30,,0.18%,,+31.74,,--,,--,,--,,18996934870,18996935060,100.00%,,+0.00%,,2162442,,2057150,,1.05,,--,,无,,无,,0.00,,0.71,,35.44,,613156760,1.47,,0.255,,新能源发电,电力,,7.86,,7.92,,+0.76%,,0.00%,,8.00,,7.87,,--,,--,,--,,--,,1.65%,,2100,,26400,,7602,,--,,--,,--,,--,,2404675300,2404675324,1038459540亿,--,,5.39,,0,,--,,20210525,,,,,,,,,,,,
4,,SH600033,福建高速,--,,-0.26%,,3.83,,-0.01,,3.83,,3.84,,11898600,45619842,100↓,,-0.26%,,+0.00%,,-0.11,,0.43%,,-5.34,,--,,--,,--,,10511052000,10511052000,100.00%,,+0.00%,,6039550,,5859050,,1.03,,--,,无,,无,,0.00,,0.38,,12.99,,821617550,0.845,,0.299,,高速公路,公路铁路运输,3.84,,3.83,,-0.26%,,0.00%,,3.85,,3.82,,--,,--,,--,,--,,0.78%,,626000,,1990200,,6758,,--,,--,,--,,--,,2744400000,2744400000,1339580300亿,--,,4.53,,0,,--,,20010209,,,,,,,,,,,,,,
4,,SH600035,楚天高速,--,,+0.25%,,3.98,,+0.01,,3.97,,3.98,,5147620,,20431976,400↑,,-0.25%,,+0.25%,,+0.27,,0.32%,,-20.34,,--,,--,,--,,6408261282,6408261282,100.00%,,+0.25%,,2119670,,3027950,,0.700,,--,,无,,无,,0.00,,0.69,,9.52,,568639070,0.720,,0.350,,高速公路,公路铁路运输,3.97,,3.97,,+0.00%,,0.00%,,3.98,,3.95,,--,,--,,--,,--,,0.76%,,406600,,2623470,,2709,,--,,--,,--,,--,,1610115900,1610115900,789939360亿,--,,5.53,,0,,--,,20040310,,,,,,,,,,,,,
4,,SH600036,招商银行,--,,+0.10%,,39.38,,+0.04,,39.37,,39.38,,32373797,1272537020,1500↑,,-0.03%,,+0.05%,,+0.18,,0.16%,,-8.92,,--,,--,,--,,993157535480,812367814720,81.80%,,-0.05%,,14791296,17582501,0.841,,--,,无,,无,,0.00,,0.61,,6.67,,150181000000,0.907,,5.70,,股份制银行,银行,,39.34,,39.36,,+0.05%,,0.00%,,39.42,,39.20,,--,,--,,--,,--,,0.56%,,135400,,7200,,45289,,--,,--,,--,,--,,25219846000,20628944000,178993000000亿,--,,43.43,,0,,--,,20020409,,,,,,,,,,,,,,,
4,,SH600037,歌华有线,--,,-3.04%,,8.28,,-0.26,,8.27,,8.28,,22764200,189049040,400↑,,-0.12%,,-2.59%,,-0.29,,1.64%,,+42.10,,--,,--,,--,,11523921012,11523921012,100.00%,,+0.00%,,13053818,9710382,,1.34,,--,,无,,无,,0.00,,1.34,,,,40000000,0.909,,0.001,,电视广播,文化传媒,8.54,,8.50,,-0.47%,,0.02%,,8.50,,8.25,,--,,--,,--,,--,,2.93%,,204800,,54000,,24069,,--,,--,,--,,--,,1391777900,1391777900,3602582亿,--,,9.11,,0,,--,,20010208,,,,,,,,,,,,,,,
4,,SH600038,中直股份,--,,+0.19%,,37.62,,+0.07,,37.62,,37.63,,6138791,,232241390,300↓,,+0.03%,,+0.19%,,-0.56,,0.92%,,-18.17,,--,,--,,--,,30844382560,25165342976,81.59%,,+0.00%,,3198241,,2940550,,1.09,,--,,无,,无,,0.00,,1.02,,53.99,,372722180,1.79,,0.455,,航空装备,军工装备,37.55,,37.55,,+0.00%,,0.01%,,38.07,,37.55,,--,,--,,--,,--,,1.38%,,1200,,1100,,13205,,--,,--,,--,,--,,819893210,668935220,326625790亿,--,,21.04,,0,,--,,20001218,,,,,,,,,,,,,
4,,SH600039,四川路桥,--,,-0.51%,,9.80,,-0.05,,9.79,,9.80,,6954680,,67926855,100↑,,+0.00%,,-0.81%,,+0.33,,0.08%,,+54.82,,--,,--,,--,,85216787880,85216787880,100.00%,,+0.10%,,3399120,,3555560,,0.956,,--,,无,,无,,0.00,,0.67,,11.01,,5299848300,1.71,,0.609,,基础建设,建筑装饰,9.85,,9.88,,+0.30%,,0.00%,,9.88,,9.71,,--,,--,,--,,--,,1.73%,,26400,,78500,,12348,,--,,--,,--,,--,,8695590600,8695590600,6518176700亿,--,,5.72,,0,,--,,20030325,,,,,,,,,,,,,
4,,SH600048,保利发展,--,,-0.15%,,6.88,,-0.01,,6.88,,6.89,,66585951,457348900,500↓,,+0.15%,,+0.15%,,+0.17,,0.56%,,+20.85,,--,,--,,--,,82356650592,82356650592,100.00%,,+0.15%,,34395758,32190193,1.07,,--,,无,,无,,0.00,,0.44,,,,1025618400,0.425,,0.090,,住宅开发,房地产,,6.89,,6.87,,-0.29%,,0.00%,,6.92,,6.82,,--,,--,,--,,--,,1.45%,,201000,,761100,,29423,,--,,--,,--,,--,,11970443400,11970443400,9724354600亿,--,,16.18,,0,,--,,20060731,,,,,,,,,,,,,,,
4,,SH600050,中国联通,--,,-0.21%,,4.86,,-0.01,,4.86,,4.87,,76990071,374947750,9700↓,,+0.21%,,-0.21%,,-0.21,,0.25%,,+8.43,,--,,--,,--,,151945105500,149526774360,98.41%,,-0.21%,,34908869,42081202,0.830,,--,,无,,无,,0.00,,0.74,,16.06,,8771887600,0.884,,0.281,,电信运营商,通信服务,4.87,,4.87,,+0.00%,,0.00%,,4.89,,4.85,,--,,--,,--,,--,,0.82%,,10652300,6036900,,19459,,--,,--,,--,,--,,31264425000,30766826000,24612795000亿,--,,5.50,,0,,--,,20021009,,,,,,,,,,,,,,,,,
,,SH600051,宁波联合,--,,-0.86%,,8.10,,-0.07,,8.10,,8.11,,3353300,,27279578,12800↑,,+0.00%,,-0.86%,,-0.43,,1.08%,,+32.82,,--,,--,,--,,2518128000,2518128000,100.00%,,+0.12%,,1406850,,1946450,,0.723,,--,,无,,无,,0.00,,0.90,,27.01,,67086816,0.741,,0.216,,综合,,综合,,8.17,,8.17,,+0.00%,,0.01%,,8.17,,8.09,,--,,--,,--,,--,,0.98%,,2200,,34800,,4948,,--,,--,,--,,--,,310880000,310880000,51920061亿,--,,10.93,,0,,--,,19970410,,,,,,,,,,,
,,SH600052,东望时代,--,,-2.07%,,4.72,,-0.10,,4.71,,4.72,,12663100,60046882,100↑,,+0.21%,,-2.07%,,-0.45,,1.50%,,+56.16,,--,,--,,--,,3984599173,3984599173,100.00%,,+0.21%,,7453000,,5210100,,1.43,,--,,无,,无,,0.00,,1.11,,,,-450000000,1.47,,0.080,,热力,,电力,,4.82,,4.82,,+0.00%,,0.05%,,4.84,,4.69,,--,,--,,--,,--,,3.11%,,304000,,55700,,8835,,--,,--,,--,,--,,844194740,844194740,62382926亿,--,,3.21,,0,,--,,19970415,,,,,,,,,,,,
4,,SH600053,九鼎投资,--,,-5.00%,,19.59,,-1.03,,19.58,,19.59,,11387490,225524620,2700↑,,+0.05%,,-3.83%,,-1.04,,2.63%,,+49.40,,--,,--,,--,,8493064272,8493064272,100.00%,,+0.15%,,6972867,,4414623,,1.58,,--,,无,,无,,0.00,,0.96,,,,-325000000,3.30,,-0.115,,多元金融,多元金融,20.62,,20.37,,-1.21%,,0.01%,,20.38,,19.51,,--,,--,,--,,--,,4.22%,,12400,,11600,,16783,,--,,--,,--,,--,,433540800,433540800,-58111720亿,--,,5.93,,0,,--,,19970418,,,,,,,,,,,,,,
,,SH600054,黄山旅游,--,,-0.60%,,13.28,,-0.08,,13.28,,13.30,,10178000,134298770,1000↓,,+0.15%,,+0.23%,,+0.64,,1.98%,,+0.19,,--,,--,,--,,9686158963,6816624000,70.37%,,-0.23%,,4697855,,5480145,,0.857,,--,,无,,无,,0.00,,0.63,,34.15,,253490590,2.02,,0.348,,自然景点,旅游及酒店,13.36,,13.25,,-0.82%,,0.01%,,13.42,,12.89,,--,,--,,--,,--,,3.97%,,6200,,30400,,16032,,--,,--,,--,,--,,729379440,513300000,407509430亿,--,,6.56,,0,,--,,19970506,,,,,,,,,,,,,,
4,,SH600055,万东医疗,--,,-0.12%,,16.07,,-0.02,,16.07,,16.08,,2275805,,36542107,300↓,,+0.00%,,+0.31%,,+0.08,,0.32%,,-29.01,,--,,--,,--,,11298191234,11298191234,100.00%,,+0.19%,,1337896,,937909,,1.43,,--,,无,,无,,0.00,,0.90,,784.2,,-227780000,2.41,,-0.039,,医疗设备,医疗器械,16.09,,16.02,,-0.44%,,0.00%,,16.13,,16.00,,--,,--,,--,,--,,0.81%,,9800,,3300,,4142,,--,,--,,--,,--,,703061060,703061060,-21198154亿,--,,6.66,,0,,--,,19970519,,,,,,,,,,,,,
4,,SH600056,中国医药,--,,-0.28%,,10.74,,-0.03,,10.73,,10.74,,6437087,,69292345,600↑,,+0.00%,,-0.28%,,-0.23,,0.43%,,+29.85,,--,,--,,--,,16065747978,16060075110,99.96%,,+0.00%,,4029762,,2407325,,1.67,,--,,无,,无,,0.00,,0.73,,31.30,,454763910,1.36,,0.304,,医药流通,医药商业,10.77,,10.77,,+0.00%,,0.00%,,10.79,,10.73,,--,,--,,--,,--,,0.56%,,319300,,20400,,4936,,--,,--,,--,,--,,1495879700,1495351500,822447710亿,--,,7.92,,0,,--,,19970515,,,,,,,,,,,,,
4,,SH600057,厦门象屿,--,,+0.72%,,8.37,,+0.06,,8.36,,8.37,,7227359,,60373692,700↑,,+0.24%,,+1.21%,,+0.20,,0.35%,,-35.64,,--,,--,,--,,23775732441,17514310374,73.66%,,+0.24%,,2656258,,4571101,,0.581,,--,,无,,无,,0.00,,0.52,,10.99,,1633367500,1.43,,0.490,,物流,,物流,,8.31,,8.27,,-0.48%,,0.00%,,8.39,,8.25,,--,,--,,--,,--,,1.68%,,63300,,4100,,11807,,--,,--,,--,,--,,2840589300,2092510200,2547687200亿,--,,5.85,,0,,--,,19970604,,,,,,,,,,,
4,,SH600058,五矿发展,--,,+1.17%,,12.97,,+0.15,,12.97,,12.98,,14654328,191385540,100↓,,-0.08%,,+1.17%,,-0.70,,1.37%,,+48.07,,--,,--,,--,,13902681909,13902681909,100.00%,,-0.08%,,6229429,,8424899,,0.739,,--,,无,,无,,0.00,,1.09,,134.5,,114005938,2.78,,0.060,,贸易,,贸易,,12.82,,12.82,,+0.00%,,0.00%,,13.23,,12.77,,--,,--,,--,,--,,3.59%,,8000,,11700,,16061,,--,,--,,--,,--,,1071910710,1071910710,227297420亿,--,,4.66,,0,,--,,19970528,,,,,,,,,,,,
4,,SH600059,古越龙山,--,,+1.08%,,10.31,,+0.11,,10.30,,10.31,,15064386,155744950,1000↑,,+0.00%,,+1.18%,,-0.28,,1.65%,,+19.01,,--,,--,,--,,9398002247,9398002247,100.00%,,+0.00%,,6920651,,8143735,,0.850,,--,,无,,无,,0.00,,0.96,,45.67,,134887030,1.62,,0.150,,其他酒类,饮料制造,10.20,,10.19,,-0.10%,,0.02%,,10.44,,10.19,,--,,--,,--,,--,,2.45%,,3800,,14800,,12468,,--,,--,,--,,--,,911542410,911542410,182145360亿,--,,6.38,,0,,--,,19970516,,,,,,,,,,,,,,
